CANARY_EU,derot1npchs19_sc01:/ec2volume23429,6bcb1984-4f33-4fd9-912a-74b426c8abeb
CANARY_EU,derot1npchs23_hcp01:/ec2volume24032,2518edbe-0310-48e4-ae11-34365b1e7d1e
CANARY_EU,derot2npchs24_hcp01:/ec2volume25008,2518edbe-0310-48e4-ae11-34365b1e7d1e
CANARY_EU,derot2npchs24_hcp01:/ec2volume24744,hciProvider
CANARY_EU,derot1npchs19_sc01:/ec2volume23230,devXsapWebIDE
CANARY_EU,derot2npchs24_hcp01:/ec2volume23063,hciProvider
CANARY_EU,derot2npchs24_hcp01:/ec2volume23651,6bcb1984-4f33-4fd9-912a-74b426c8abeb
CANARY_EU,derot1npchs19_sc01:/ec2volume23301,a2a4ad53-250d-46c7-af07-136206844b14
CANARY_EU,derot2npchs24_hcp01:/ec2volume23918,a2a4ad53-250d-46c7-af07-136206844b14
CANARY_EU,derot2npchs24_hcp01:/ec2volume24158,a2a4ad53-250d-46c7-af07-136206844b14
CANARY_EU,derot2npchs24_hcp01:/ec2volume24157,a2a4ad53-250d-46c7-af07-136206844b14
CANARY_EU,derot2npchs24_hcp01:/ec2volume24159,a2a4ad53-250d-46c7-af07-136206844b14
CANARY_EU,derot1npchs23_hcp01:/ec2volume24830,a2a4ad53-250d-46c7-af07-136206844b14
CANARY_EU,derot2npchs24_hcp01:/ec2volume23448,a2a4ad53-250d-46c7-af07-136206844b14
CANARY_EU,derot2npchs24_hcp01:/ec2volume23919,a2a4ad53-250d-46c7-af07-136206844b14
CANARY_EU,derot1npchs23_hcp01:/ec2volume30228,5d2e686c-4b6c-4713-b5d2-8b66e2b71706
